<shortcuts>
	<shortcut>
		<defaultID />
		<label>1 DL ADDON</label>
		<label2>Elément personnalisé</label2>
		<icon>DefaultShortcut.png</icon>
		<thumb>special://skin/extras/icons/disabled.png</thumb>
		<action>RunScript(special://home/userdata/addon_data/Scripts/test.py)</action>
	</shortcut>
	<shortcut>
		<defaultID />
		<label>2 redemarrer kodi</label>
		<label2>Commande Kodi</label2>
		<icon>special://skin/extras/icons/power.png</icon>
		<thumb>special://skin/extras/icons/power.png</thumb>
		<action>Quit</action>
	</shortcut>
	<shortcut>
		<defaultID />
		<label>3 ACTIVE ADDON</label>
		<label2>Elément personnalisé</label2>
		<icon>DefaultShortcut.png</icon>
		<thumb>special://skin/extras/icons/disabled.png</thumb>
		<action>RunScript(special://home/userdata/addon_data/Scripts/test.py)</action>
	</shortcut>
	<shortcut>
		<defaultID />
		<label>4 METTRE A JOUR ADDON</label>
		<label2>Elément personnalisé</label2>
		<icon>DefaultShortcut.png</icon>
		<thumb>special://skin/extras/icons/disabled.png</thumb>
		<action>RunScript(special://home/userdata/addon_data/Scripts/addon_maj.py)</action>
	</shortcut>
	<shortcut>
		<defaultID />
		<label>Addon Skin</label>
		<label2>Elément personnalisé</label2>
		<icon>DefaultShortcut.png</icon>
		<thumb>special://skin/extras/icons/disabled.png</thumb>
		<action>ActivateWindow(Programs,"plugin://plugin.program.skinrayflix",return)</action>
	</shortcut>
</shortcuts>
