<shortcuts>
	<shortcut>
		<defaultID />
		<label>Code Ray (pour + de rapidité)</label>
		<label2>Elément personnalisé</label2>
		<icon>DefaultShortcut.png</icon>
		<thumb>special://skin/extras/icons/download.png</thumb>
		<action>RunScript(/storage/emulated/0/Android/data/org.xbmc.kodi/files/.kodi/userdata/addon_data/Scripts/past_ray.py)</action>
	</shortcut>
	<shortcut>
		<defaultID />
		<label>Code All (+de code donc +long)</label>
		<label2>Elément personnalisé</label2>
		<icon>DefaultShortcut.png</icon>
		<thumb>special://skin/extras/icons/download.png</thumb>
		<action>RunScript(/storage/emulated/0/Android/data/org.xbmc.kodi/files/.kodi/userdata/addon_data/Scripts/past_all.py)</action>
	</shortcut>
	<shortcut>
		<defaultID />
		<label>Skin Light (super leger adapter toutes box)</label>
		<label2>Elément personnalisé</label2>
		<icon>DefaultShortcut.png</icon>
		<thumb>special://skin/extras/icons/download.png</thumb>
		<action>RunScript(/storage/emulated/0/Android/data/org.xbmc.kodi/files/.kodi/userdata/addon_data/Scripts/pack_skin_light.py)</action>
	</shortcut>
	<shortcut>
		<defaultID />
		<label>Skin Full (tres gourmand a reserver au shield)</label>
		<label2>Elément personnalisé</label2>
		<icon>DefaultShortcut.png</icon>
		<thumb>special://skin/extras/icons/download.png</thumb>
		<action>RunScript(/storage/emulated/0/Android/data/org.xbmc.kodi/files/.kodi/userdata/addon_data/Scripts/pack_skin_full.py)</action>
	</shortcut>
	<shortcut>
		<defaultID />
		<label>Skin Perso (le skin de ray)</label>
		<label2>Elément personnalisé</label2>
		<icon>DefaultShortcut.png</icon>
		<thumb>special://skin/extras/icons/download.png</thumb>
		<action>RunScript(/storage/emulated/0/Android/data/org.xbmc.kodi/files/.kodi/userdata/addon_data/Scripts/pack_skin_perso.py)</action>
	</shortcut>
	<shortcut>
		<defaultID />
		<label>Skin Kids (special enfants)</label>
		<label2>Elément personnalisé</label2>
		<icon>DefaultShortcut.png</icon>
		<thumb>special://skin/extras/icons/download.png</thumb>
		<action>RunScript(/User/username/AppData/Roaming/kodi/userdata/addon_data/Scripts/pcskin_kids.py)</action>
	</shortcut>
	<shortcut>
		<defaultID />
		<label>Skin Series (Special Series)</label>
		<label2>Elément personnalisé</label2>
		<icon>DefaultShortcut.png</icon>
		<thumb>special://skin/extras/icons/download.png</thumb>
		<action>RunScript(/storage/emulated/0/Android/data/org.xbmc.kodi/files/.kodi/userdata/addon_data/Scripts/pack_skin_series.py)</action>
	</shortcut>
	<shortcut>
		<defaultID />
		<label>Actualiser liste skin </label>
		<label2>Elément personnalisé</label2>
		<icon>DefaultShortcut.png</icon>
		<thumb>special://skin/extras/icons/download.png</thumb>
		<action>RunScript(/storage/emulated/0/Android/data/org.xbmc.kodi/files/.kodi/userdata/addon_data/Scripts/skin_liste.py)</action>
	</shortcut>
</shortcuts>
