<?xml version="1.0" encoding="UTF-8"?>
<addon
  id="resource.language.fr_fr"
  version="9.0.45"
  name="French"
  provider-name="Team Kodi">
  <requires>
    <import addon="kodi.resource" version="1.0.0"/>
  </requires>
  <extension
    point="kodi.resource.language"
    locale="fr_FR">
    <charsets>
      <gui>CP1252</gui>
      <subtitle>CP1252</subtitle>
    </charsets>
    <sorttokens>
      <token>The</token>
      <token>Le</token>
      <token>La</token>
      <token>Les</token>
      <token separators="'">L</token>
    </sorttokens>
  </extension>
  <extension point="kodi.addon.metadata">
    <summary lang="en_GB">French language pack</summary>
    <description lang="en_GB">French version of all texts used in Kodi.</description>
    <platform>all</platform>
    <assets>
      <icon>icon.png</icon>
    </assets>
  </extension>
</addon>
