<shortcuts>
	<shortcut>
		<defaultID />
		<label>Favoris Films</label>
		<label2>Elément personnalisé</label2>
		<icon>DefaultShortcut.png</icon>
		<thumb>special://skin/extras/icons/thumb-up.png</thumb>
		<action>ActivateWindow(Videos,"plugin://plugin.video.sendtokodiU2P/?action=MenuFilm&amp;famille=Fav%27S+HK",return)</action>
		</shortcut>
	<shortcut>
		<defaultID />
		<label>Favoris Séries</label>
		<label2>Elément personnalisé</label2>
		<icon>DefaultShortcut.png</icon>
		<thumb>special://skin/extras/icons/thumb-up.png</thumb>
		<action>ActivateWindow(Videos,"plugin://plugin.video.sendtokodiU2P/?action=MenuSerie&amp;famille=Fav%27S+HK",return)</action>
		</shortcut>
	<shortcut>
		<defaultID>1036</defaultID>
		<label>Favoris Kodi</label>
		<label2>Elément de menu commun</label2>
		<icon>DefaultShortcut.png</icon>
		<thumb>special://skin/extras/icons/top100.png</thumb>
		<action>ActivateWindow(Favourites)</action>
		</shortcut>
	<shortcut>
		<defaultID />
		<label>Films Last View</label>
		<label2>Extensions Vidéo</label2>
		<icon>DefaultShortcut.png</icon>
		<thumb>special://skin/extras/icons/brightness.png</thumb>
		<action>ActivateWindow(Videos,"plugin://plugin.video.sendtokodiU2P/?action=MenuFilm&amp;famille=Last+View",return)</action>
		</shortcut>
	<shortcut>
		<defaultID />
		<label>Séries Last View</label>
		<label2>Extensions Vidéo</label2>
		<icon>DefaultShortcut.png</icon>
		<thumb>special://skin/extras/icons/brightness.png</thumb>
		<action>ActivateWindow(Videos,"plugin://plugin.video.sendtokodiU2P/?action=MenuSerie&amp;famille=Last+View",return)</action>
		</shortcut>
	<shortcut>
		<defaultID />
		<label>Mise a Jour Manuelle</label>
		<label2>Extensions Vidéo</label2>
		<icon>DefaultShortcut.png</icon>
		<thumb>special://skin/extras/icons/download.png</thumb>
		<action>ActivateWindow(Videos,"plugin://plugin.video.sendtokodiU2P/?action=bd",return)</action>
		</shortcut>
	</shortcuts>
