<shortcuts>
	<shortcut>
		<defaultID>recherchefilms-colorlightcoral-genreacteursaga-color</defaultID>
		<label>Recherche</label>
		<label2>Elément personnalisé</label2>
		<icon>special://skin/extras/icons/folder.png</icon>
		<thumb>special://skin/extras/icons/search.png</thumb>
		<action>ActivateWindow(Videos,"plugin://plugin.video.sendtokodiU2P/?action=filtres&amp;typM=movie",return)</action>
		</shortcut>
	<shortcut>
		<defaultID />
		<label>Films Nouveaute</label>
		<label2>Elément personnalisé</label2>
		<icon>DefaultShortcut.png</icon>
		<thumb>special://skin/extras/icons/_ 20th century fox.png</thumb>
		<action>ActivateWindow(Videos,"plugin://plugin.video.sendtokodiU2P/?action=MenuFilm&amp;groupe=Films+News",return)</action>
		</shortcut>
	<shortcut>
		<defaultID />
		<label>Super Heros</label>
		<label2>Elément personnalisé</label2>
		<icon>DefaultShortcut.png</icon>
		<thumb>special://skin/extras/icons/_ marvel enterprises.png</thumb>
		<action>ActivateWindow(Videos,"plugin://plugin.video.sendtokodiU2P/?action=MenuFilm&amp;groupe=Super+Heros",return)</action>
		</shortcut>
	<shortcut>
		<defaultID />
		<label>Les Dossiers</label>
		<label2>Elément personnalisé</label2>
		<icon>DefaultShortcut.png</icon>
		<thumb>special://skin/extras/icons/playlist.png</thumb>
		<action>ActivateWindow(Videos,"plugin://plugin.video.sendtokodiU2P/?action=MenuFilm&amp;groupe=Dossier",return)</action>
		</shortcut>
	<shortcut>
		<defaultID>films3d-colorlightcoral-rayflix-color</defaultID>
		<label>Films 3D</label>
		<label2>Elément personnalisé</label2>
		<icon>special://skin/extras/icons/folder.png</icon>
		<thumb>special://skin/extras/icons/3dtv.png</thumb>
		<action>ActivateWindow(Videos,"plugin://plugin.video.sendtokodiU2P/?action=MenuFilm&amp;groupe=Films+3d",return)</action>
		</shortcut>
	<shortcut>
		<defaultID />
		<label>Films Local</label>
		<label2>Vidéos</label2>
		<icon>DefaultShortcut.png</icon>
		<thumb>special://skin/extras/icons/artist.png</thumb>
		<action>ActivateWindow(Videos,"library://video/movies/",return)</action>
		</shortcut>
	</shortcuts>
