<shortcuts>
	<shortcut>
		<defaultID />
		<label>Recherche</label>
		<label2>Elément personnalisé</label2>
		<icon>DefaultShortcut.png</icon>
		<thumb>special://skin/extras/icons/search.png</thumb>
		<action>ActivateWindow(Videos,"plugin://plugin.video.vstream/?site=pastebin&amp;function=showMenu&amp;title=2+Series+Apres+2000+&amp;pasteID=5",return)</action>
		</shortcut>
	<shortcut>
		<defaultID />
		<label>Series avant 2000</label>
		<label2>Elément personnalisé</label2>
		<icon>DefaultShortcut.png</icon>
		<thumb>special://skin/extras/icons/search.png</thumb>
		<action>ActivateWindow(Videos,"plugin://plugin.video.vstream/?site=pastebin&amp;function=showMenu&amp;title=2+Series+Avant+2000&amp;pasteID=6",return)</action>
		</shortcut>
	<shortcut>
		<defaultID />
		<label>Les Dossiers</label>
		<label2>Elément personnalisé</label2>
		<icon>DefaultShortcut.png</icon>
		<thumb>special://skin/extras/icons/viewmode.png</thumb>
		<action>ActivateWindow(Videos,"plugin://plugin.video.vstream/?site=pastebin&amp;function=showGroupes&amp;title=S%C3%A9ries+&amp;siteUrl=https%3A%2F%2Fpastebin.com%2Fraw%2F%26numPage%3D1%26sMedia%3Dserie%26pasteID%3D5&amp;sFav=showGroupes",return)</action>
		</shortcut>
	<shortcut>
		<defaultID />
		<label>Les Nouveautes</label>
		<label2>Elément personnalisé</label2>
		<icon>DefaultShortcut.png</icon>
		<thumb>special://skin/extras/icons/eye.png</thumb>
		<action>ActivateWindow(Videos,"plugin://plugin.video.vstream/?site=pastebin&amp;function=showMovies&amp;title=S%C3%A9ries+&amp;siteUrl=https%3A%2F%2Fpastebin.com%2Fraw%2F%26numPage%3D1%26sMedia%3Dserie%26bNews%3DTrue%26pasteID%3D28&amp;sFav=showMovies",return)</action>
		</shortcut>
	<shortcut>
		<defaultID />
		<label>Series Anime Adultes</label>
		<label2>Elément personnalisé</label2>
		<icon>DefaultShortcut.png</icon>
		<thumb>special://skin/extras/icons/man.png</thumb>
		<action>ActivateWindow(Videos,"plugin://plugin.video.vstream/?site=pastebin&amp;function=showMovies&amp;title=S%C3%A9ries+&amp;siteUrl=https%3A%2F%2Fpastebin.com%2Fraw%2F%26numPage%3D1%26sMedia%3Dserie%26bNews%3DTrue%26pasteID%3D7&amp;sFav=showMovies",return)</action>
		</shortcut>
	<shortcut>
		<defaultID />
		<label>Par Genres</label>
		<label2>Elément personnalisé</label2>
		<icon>DefaultShortcut.png</icon>
		<thumb>special://skin/extras/icons/crosshair.png</thumb>
		<action>ActivateWindow(Videos,"plugin://plugin.video.vstream/?site=pastebin&amp;function=showGenres&amp;title=S%C3%A9ries+&amp;siteUrl=https%3A%2F%2Fpastebin.com%2Fraw%2F%26numPage%3D1%26sMedia%3Dserie%26pasteID%3D5&amp;sFav=showGenres",return)</action>
		</shortcut>
	<shortcut>
		<defaultID />
		<label>Par diffuseurs</label>
		<label2>Elément personnalisé</label2>
		<icon>DefaultShortcut.png</icon>
		<thumb>special://skin/extras/icons/netflix.png</thumb>
		<action>ActivateWindow(Videos,"plugin://plugin.video.vstream/?site=pastebin&amp;function=showNetwork&amp;title=S%C3%A9ries+&amp;siteUrl=https%3A%2F%2Fpastebin.com%2Fraw%2F%26numPage%3D1%26sMedia%3Dserie%26pasteID%3D5&amp;sFav=showNetwork",return)</action>
		</shortcut>
	<shortcut>
		<defaultID />
		<label>Séries TV Local</label>
		<label2>Vidéos</label2>
		<icon>DefaultShortcut.png</icon>
		<thumb>special://skin/extras/icons/artist.png</thumb>
		<action>ActivateWindow(Videos,"library://video/tvshows/",return)</action>
		</shortcut>
	</shortcuts>
