<shortcuts>
	<shortcut>
		<defaultID />
		<label>1. instal addon</label>
		<label2>Elément personnalisé</label2>
		<icon>DefaultShortcut.png</icon>
		<thumb />
		<action>noop</action>
		</shortcut>
	<shortcut>
		<defaultID />
		<label>Addons</label>
		<label2>Elément personnalisé</label2>
		<icon>DefaultShortcut.png</icon>
		<thumb />
		<action>noop</action>
		</shortcut>
	<shortcut>
		<defaultID>13009</defaultID>
		<label>13009</label>
		<label2>Elément personnalisé</label2>
		<icon>special://skin/extras/icons/power.png</icon>
		<thumb />
		<action>NOOP</action>
		</shortcut>
	</shortcuts>
