<shortcuts>
	<shortcut>
		<defaultID />
		<label>Rayflix 1</label>
		<label2>Elément personnalisé</label2>
		<icon>DefaultShortcut.png</icon>
		<thumb>special://skin/extras/icons/download.png</thumb>
		<action>RunScript(special://home/userdata/addon_data/Scripts/cpt_ray1.py)</action>
	</shortcut>
	<shortcut>
		<defaultID />
		<label>Rayflix 2</label>
		<label2>Elément personnalisé</label2>
		<icon>DefaultShortcut.png</icon>
		<thumb>special://skin/extras/icons/download.png</thumb>
		<action>RunScript(/storage/emulated/0/Android/data/org.xbmc.kodi/files/.kodi/userdata/addon_data/Scripts/cpt_ray2.py)</action>
	</shortcut>
	<shortcut>
		<defaultID />
		<label>Rayflix 3</label>
		<label2>Elément personnalisé</label2>
		<icon>DefaultShortcut.png</icon>
		<thumb>special://skin/extras/icons/download.png</thumb>
		<action>RunScript(/storage/emulated/0/Android/data/org.xbmc.kodi/files/.kodi/userdata/addon_data/Scripts/cpt_ray3.py)</action>
	</shortcut>
	<shortcut>
		<defaultID />
		<label>Master 1</label>
		<label2>Elément personnalisé</label2>
		<icon>DefaultShortcut.png</icon>
		<thumb>special://skin/extras/icons/download.png</thumb>
		<action>RunScript(/storage/emulated/0/Android/data/org.xbmc.kodi/files/.kodi/userdata/addon_data/Scripts/cpt_mst1.py)</action>
	</shortcut>
	<shortcut>
		<defaultID />
		<label>Master 2</label>
		<label2>Elément personnalisé</label2>
		<icon>DefaultShortcut.png</icon>
		<thumb>special://skin/extras/icons/download.png</thumb>
		<action>RunScript(/storage/emulated/0/Android/data/org.xbmc.kodi/files/.kodi/userdata/addon_data/Scripts/cpt_mst2.py)</action>
	</shortcut>
	<shortcut>
		<defaultID />
		<label>All 1</label>
		<label2>Elément personnalisé</label2>
		<icon>DefaultShortcut.png</icon>
		<thumb>special://skin/extras/icons/download.png</thumb>
		<action>RunScript(/storage/emulated/0/Android/data/org.xbmc.kodi/files/.kodi/userdata/addon_data/Scripts/cpt_all1.py)</action>
	</shortcut>
	<shortcut>
		<defaultID />
		<label>All 2</label>
		<label2>Elément personnalisé</label2>
		<icon>DefaultShortcut.png</icon>
		<thumb>special://skin/extras/icons/download.png</thumb>
		<action>RunScript(/storage/emulated/0/Android/data/org.xbmc.kodi/files/.kodi/userdata/addon_data/Scripts/cpt_all2.py)</action>
	</shortcut>
</shortcuts>
