<shortcuts>
	<shortcut>
		<defaultID />
		<label>Skin Full</label>
		<label2>Elément personnalisé</label2>
		<icon>DefaultShortcut.png</icon>
		<thumb>special://skin/extras/icons/download.png</thumb>
		<action>RunScript(/storage/emulated/0/Android/data/org.xbmc.kodi/files/.kodi/userdata/addon_data/Scripts/past_ray.py)</action>
	</shortcut>
	<shortcut>
		<defaultID />
		<label>Skin Perso Rayflix</label>
		<label2>Elément personnalisé</label2>
		<icon>DefaultShortcut.png</icon>
		<thumb>special://skin/extras/icons/download.png</thumb>
		<action>RunScript(/storage/emulated/0/Android/data/org.xbmc.kodi/files/.kodi/userdata/addon_data/Scripts/past_ray.py)</action>
	</shortcut>
	<shortcut>
		<defaultID />
		<label>Skin Kids Full</label>
		<label2>Elément personnalisé</label2>
		<icon>DefaultShortcut.png</icon>
		<thumb>special://skin/extras/icons/download.png</thumb>
		<action>RunScript(/storage/emulated/0/Android/data/org.xbmc.kodi/files/.kodi/userdata/addon_data/Scripts/past_ray.py)</action>
	</shortcut>
	<shortcut>
		<defaultID />
		<label>Skin Series Full</label>
		<label2>Elément personnalisé</label2>
		<icon>DefaultShortcut.png</icon>
		<thumb>special://skin/extras/icons/download.png</thumb>
		<action>RunScript(/storage/emulated/0/Android/data/org.xbmc.kodi/files/.kodi/userdata/addon_data/Scripts/past_ray.py)</action>
	</shortcut>
	<shortcut>
		<defaultID />
		<label>Skin Films Full (a venir)</label>
		<label2>Elément personnalisé</label2>
		<icon>DefaultShortcut.png</icon>
		<thumb>special://skin/extras/icons/download.png</thumb>
		<action>noop</action>
	</shortcut>
</shortcuts>
