<shortcuts>
	<shortcut>
		<defaultID />
		<label>MOLOTOV TV</label>
		<label2>Elément personnalisé</label2>
		<icon>DefaultShortcut.png</icon>
		<thumb>special://skin/extras/icons/molotov_tv.png</thumb>
		<action>StartAndroidActivity("tv.molotov.app")</action>
	</shortcut>
	<shortcut>
		<defaultID />
		<label>PLUTO TV</label>
		<label2>Elément personnalisé</label2>
		<icon>DefaultShortcut.png</icon>
		<thumb>special://skin/extras/icons/plutotv.png</thumb>
		<action>ActivateWindow(Videos,"plugin://plugin.video.vstream/?site=pluto_tv&amp;function=load&amp;title=Pluto+TV&amp;siteUrl=http%3A%2F%2Fvenom&amp;sFav=load",return)</action>
	</shortcut>
	<shortcut>
		<defaultID />
		<label>CHANNEL STREAM</label>
		<label2>Extensions Vidéo</label2>
		<icon>DefaultShortcut.png</icon>
		<thumb>special://skin/extras/icons/tv.png</thumb>
		<action>ActivateWindow(Videos,"plugin://plugin.video.vstream/?site=channelstream&amp;function=load&amp;title=Channel+Stream&amp;siteUrl=http%3A%2F%2Fvenom&amp;sFav=load",return)</action>
	</shortcut>
	<shortcut>
		<defaultID />
		<label>STREAMONSPORT</label>
		<label2>Extensions Vidéo</label2>
		<icon>DefaultShortcut.png</icon>
		<thumb>special://skin/extras/icons/soccer.png</thumb>
		<action>ActivateWindow(Videos,"plugin://plugin.video.vstream/?site=streamonsport&amp;function=load&amp;title=Streamonsport&amp;siteUrl=http%3A%2F%2Fvenom&amp;sFav=load",return)</action>
	</shortcut>
	<shortcut>
		<defaultID />
		<label>SPORT REPLAY</label>
		<label2>Extensions Vidéo</label2>
		<icon>DefaultShortcut.png</icon>
		<thumb>special://skin/extras/icons/soccer.png</thumb>
		<action>ActivateWindow(Videos,"plugin://plugin.video.vstream/?site=pastebin&amp;function=showMenu&amp;title=Divers&amp;pasteID=5&amp;sMedia=divers&amp;sFav=showMenu",return)</action>
	</shortcut>
	<shortcut>
		<defaultID>plugin.video.youtube</defaultID>
		<label>YOUTUBE</label>
		<label2>Extensions Vidéo</label2>
		<icon>DefaultShortcut.png</icon>
		<thumb>special://skin/extras/icons/youtube.png</thumb>
		<action>ActivateWindow(Videos,"plugin://plugin.video.youtube",return)</action>
	</shortcut>
	<shortcut>
		<defaultID />
		<label>YOUTITOU</label>
		<label2>Extensions Vidéo</label2>
		<icon>DefaultShortcut.png</icon>
		<thumb>special://skin/extras/icons/babyboy.png</thumb>
		<action>ActivateWindow(Videos,"plugin://plugin.video.vstream/?site=youtitou_com&amp;function=load&amp;title=YouTitou&amp;siteUrl=http%3A%2F%2Fvenom&amp;sFav=load",return)</action>
	</shortcut>
</shortcuts>
