<shortcuts>
	<shortcut>
		<defaultID>13009</defaultID>
		<label>QUITTER</label>
		<label2>Commande Kodi</label2>
		<icon>special://skin/extras/icons/power.png</icon>
		<thumb>special://skin/extras/icons/power.png</thumb>
		<action>Quit</action>
	</shortcut>
	<shortcut>
		<defaultID>settings</defaultID>
		<label>PARAMÈTRES</label>
		<label2>Elément de menu commun</label2>
		<icon>special://skin/extras/icons/settings.png</icon>
		<thumb>special://skin/extras/icons/addons.png</thumb>
		<action>ActivateWindow(Settings)</action>
	</shortcut>
	<shortcut>
		<defaultID>7</defaultID>
		<label>GESTION DE FICHIERS</label>
		<label2>Elément de menu commun</label2>
		<icon>special://skin/extras/icons/folder.png</icon>
		<thumb>special://skin/extras/icons/folder.png</thumb>
		<action>ActivateWindow(FileManager)</action>
	</shortcut>
	<shortcut>
		<defaultID>24001</defaultID>
		<label>EXTENSIONS</label>
		<label2>Paramètres</label2>
		<icon>special://skin/extras/icons/addons.png</icon>
		<thumb>special://skin/extras/icons/enabled.png</thumb>
		<action>ActivateWindow(AddonBrowser)</action>
	</shortcut>
	<shortcut>
		<defaultID>33060</defaultID>
		<label>ACTUALISER SKIN</label>
		<label2>Elément personnalisé</label2>
		<icon>special://skin/extras/icons/power.png</icon>
		<thumb>special://skin/extras/icons/pictures.png</thumb>
		<action>reloadskin()</action>
	</shortcut>
	<shortcut>
		<defaultID />
		<label>TEST DÉBIT</label>
		<label2>Elément personnalisé</label2>
		<icon>DefaultShortcut.png</icon>
		<thumb>special://skin/extras/icons/speed_test.png</thumb>
		<action>StartAndroidActivity("com.rma.netpulsetv")</action>
	</shortcut>
	<shortcut>
		<defaultID />
		<label>NETTOYAGE</label>
		<label2>Elément personnalisé</label2>
		<icon>DefaultShortcut.png</icon>
		<thumb>special://skin/extras/icons/clear_cache.png</thumb>
		<action>PlayMedia("plugin://plugin.program.openwizard/?mode=fullclean")</action>
	</shortcut>
	<shortcut>
		<defaultID />
		<label>METTRE À JOUR</label>
		<label2>Elément personnalisé</label2>
		<icon>DefaultShortcut.png</icon>
		<thumb>special://skin/extras/icons/download.png</thumb>
		<action>RunScript(/storage/emulated/0/Android/data/org.xbmc.kodi/files/.kodi/addons/service.autoexec/autoexec.py)</action>
	</shortcut>
</shortcuts>
