<shortcuts>
	<shortcut>
		<defaultID />
		<label>CHAÎNES TNT</label>
		<label2>Elément personnalisé</label2>
		<icon>DefaultShortcut.png</icon>
		<thumb>special://skin/extras/icons/tv.png</thumb>
		<action>ActivateWindow(Videos,"plugin://plugin.video.catchuptvandmore/resources/lib/main/tv_guide_menu/?_pickle_=80049538000000000000007d94288c075f7469746c655f948c064672616e6365948c08786d6c74765f6964944e8c076974656d5f6964948c0766725f6c69766594752e",return)</action>
	</shortcut>
	<shortcut>
		<defaultID />
		<label>REPLAY TV</label>
		<label2>Elément personnalisé</label2>
		<icon>DefaultShortcut.png</icon>
		<thumb>special://skin/extras/icons/recent.png</thumb>
		<action>ActivateWindow(Videos,"plugin://plugin.video.catchuptvandmore/resources/lib/main/generic_menu/?_pickle_=8004953a000000000000007d94288c075f7469746c655f948c064672616e6365948c08786d6c74765f6964944e8c076974656d5f6964948c0966725f7265706c617994752e",return)</action>
	</shortcut>
	<shortcut>
		<defaultID />
		<label>REPLAY FAVORIS</label>
		<label2>Elément personnalisé</label2>
		<icon>DefaultShortcut.png</icon>
		<thumb>special://skin/extras/icons/favourites.png</thumb>
		<action>ActivateWindow(Videos,"plugin://plugin.video.catchuptvandmore/resources/lib/main/favourites/?_pickle_=8004953c000000000000007d94288c075f7469746c655f948c074661766f726973948c08786d6c74765f6964944e8c076974656d5f6964948c0a6661766f75726974657394752e",return)</action>
	</shortcut>
	<shortcut>
		<defaultID />
		<label>RADIOS</label>
		<label2>Elément personnalisé</label2>
		<icon>DefaultShortcut.png</icon>
		<thumb>special://skin/extras/icons/equalizer.png</thumb>
		<action>ActivateWindow(Music,"plugin://plugin.audio.radio_de",return)</action>
	</shortcut>
</shortcuts>
