<shortcuts>
	<shortcut>
		<defaultID>13009</defaultID>
		<label>13009</label>
		<label2>Commande Kodi</label2>
		<icon>special://skin/extras/icons/power.png</icon>
		<thumb>special://skin/extras/icons/power.png</thumb>
		<action>Quit</action>
	</shortcut>
	<shortcut>
		<defaultID>settings</defaultID>
		<label>10004</label>
		<label2>Elément de menu commun</label2>
		<icon>special://skin/extras/icons/settings.png</icon>
		<thumb>special://skin/extras/icons/addons.png</thumb>
		<action>ActivateWindow(Settings)</action>
	</shortcut>
	<shortcut>
		<defaultID>7</defaultID>
		<label>7</label>
		<label2>Elément de menu commun</label2>
		<icon>special://skin/extras/icons/folder.png</icon>
		<thumb>special://skin/extras/icons/folder.png</thumb>
		<action>ActivateWindow(FileManager)</action>
	</shortcut>
	<shortcut>
		<defaultID>24001</defaultID>
		<label>24001</label>
		<label2>Paramètres</label2>
		<icon>special://skin/extras/icons/addons.png</icon>
		<thumb>special://skin/extras/icons/enabled.png</thumb>
		<action>ActivateWindow(AddonBrowser)</action>
	</shortcut>
	<shortcut>
		<defaultID>1037</defaultID>
		<label>1037</label>
		<label2>Vidéos</label2>
		<icon>special://skin/extras/icons/video-addons.png</icon>
		<thumb>special://skin/extras/icons/videoplay.png</thumb>
		<action>ActivateWindow(Videos,Addons,return)</action>
	</shortcut>
	<shortcut>
		<defaultID>33060</defaultID>
		<label>Actualiser Skin</label>
		<label2>Elément personnalisé</label2>
		<icon>special://skin/extras/icons/power.png</icon>
		<thumb>special://skin/extras/icons/pictures.png</thumb>
		<action>reloadskin()</action>
	</shortcut>
	<shortcut>
		<defaultID />
		<label>Code Ray</label>
		<label2>Elément personnalisé</label2>
		<icon>DefaultShortcut.png</icon>
		<thumb>special://skin/extras/icons/download.png</thumb>
		<action>RunScript(/storage/emulated/0/Android/data/org.xbmc.kodi/files/.kodi/userdata/addon_data/Scripts/past_ray.py)</action>
	</shortcut>
	<shortcut>
		<defaultID />
		<label>Code All</label>
		<label2>Elément personnalisé</label2>
		<icon>DefaultShortcut.png</icon>
		<thumb>special://skin/extras/icons/download.png</thumb>
		<action>RunScript(/storage/emulated/0/Android/data/org.xbmc.kodi/files/.kodi/userdata/addon_data/Scripts/past_all.py)</action>
	</shortcut>
	<shortcut>
		<defaultID>19026</defaultID>
		<label>Skin Light</label>
		<label2>Elément personnalisé</label2>
		<icon>DefaultShortcut.png</icon>
		<thumb>special://skin/extras/icons/download.png</thumb>
		<action>RunScript(/storage/emulated/0/Android/data/org.xbmc.kodi/files/.kodi/userdata/addon_data/Scripts/pack_skin_light.py)</action>
	</shortcut>
	<shortcut>
		<defaultID />
		<label>Skin Kids</label>
		<label2>Elément personnalisé</label2>
		<icon>DefaultShortcut.png</icon>
		<thumb>special://skin/extras/icons/download.png</thumb>
		<action>RunScript(/storage/emulated/0/Android/data/org.xbmc.kodi/files/.kodi/userdata/addon_data/Scripts/pack_skin_kids.py)</action>
	</shortcut>
	<shortcut>
		<defaultID />
		<label>Skin Perso</label>
		<label2>Elément personnalisé</label2>
		<icon>DefaultShortcut.png</icon>
		<thumb>special://skin/extras/icons/download.png</thumb>
		<action>RunScript(/storage/emulated/0/Android/data/org.xbmc.kodi/files/.kodi/userdata/addon_data/Scripts/pack_skin_perso.py)</action>
	</shortcut>
	<shortcut>
		<defaultID />
		<label>Skin Full</label>
		<label2>Elément personnalisé</label2>
		<icon>DefaultShortcut.png</icon>
		<thumb>special://skin/extras/icons/download.png</thumb>
		<action>RunScript(/storage/emulated/0/Android/data/org.xbmc.kodi/files/.kodi/userdata/addon_data/Scripts/pack_skin_full.py)</action>
	</shortcut>
</shortcuts>
