<shortcuts>
	<shortcut>
		<defaultID />
		<label>Telecharger</label>
		<label2>Elément personnalisé</label2>
		<icon>DefaultShortcut.png</icon>
		<thumb>special://skin/extras/icons/disabled.png</thumb>
		<action>RunScript(special://home/userdata/addon_data/Scripts/addon_maj.py)</action>
	</shortcut>
	<shortcut>
		<defaultID />
		<label>Addon Skin</label>
		<label2>Elément personnalisé</label2>
		<icon>DefaultShortcut.png</icon>
		<thumb>special://skin/extras/icons/disabled.png</thumb>
		<action>ActivateWindow(Programs,"plugin://plugin.program.skinrayflix",return)</action>
	</shortcut>
	<shortcut>
		<defaultID />
		<label>sauvegarde restauration</label>
		<label2>Elément personnalisé</label2>
		<icon>DefaultShortcut.png</icon>
		<thumb>special://skin/extras/icons/disabled.png</thumb>
		<action>ActivateWindow(Programs,"plugin://plugin.program.saverayflix",return)</action>
	</shortcut>
</shortcuts>