<shortcuts>
	<shortcut>
		<defaultID>plugin.video.catchuptvandmore</defaultID>
		<label>TV + Replay (TNT)</label>
		<label2>Extensions Vidéo</label2>
		<icon>DefaultShortcut.png</icon>
		<thumb>special://skin/extras/icons/recent.png</thumb>
		<action>ActivateWindow(Videos,"plugin://plugin.video.catchuptvandmore",return)</action>
	</shortcut>
	<shortcut>
		<defaultID />
		<label>c+ ocs bein rmc sport... (channel Stream)</label>
		<label2>Extensions Vidéo</label2>
		<icon>DefaultShortcut.png</icon>
		<thumb>special://skin/extras/icons/tv.png</thumb>
		<action>ActivateWindow(Videos,"plugin://plugin.video.vstream/?site=channelstream&amp;function=load&amp;title=Channel+Stream&amp;siteUrl=http%3A%2F%2Fvenom&amp;sFav=load",return)</action>
	</shortcut>
	<shortcut>
		<defaultID />
		<label>PlutoTV (+ 50 chaines thematiques)</label>
		<label2>Elément personnalisé</label2>
		<icon>DefaultShortcut.png</icon>
		<thumb>special://skin/extras/icons/enabled.png</thumb>
		<action>ActivateWindow(Videos,"plugin://plugin.video.vstream/?site=pluto_tv&amp;function=load&amp;title=Pluto+TV&amp;siteUrl=http%3A%2F%2Fvenom&amp;sFav=load",return)</action>
	</shortcut>
	<shortcut>
		<defaultID />
		<label>Streamonsport</label>
		<label2>Extensions Vidéo</label2>
		<icon>DefaultShortcut.png</icon>
		<thumb>special://skin/extras/icons/soccer.png</thumb>
		<action>ActivateWindow(Videos,"plugin://plugin.video.vstream/?site=streamonsport&amp;function=load&amp;title=Streamonsport&amp;siteUrl=http%3A%2F%2Fvenom&amp;sFav=load",return)</action>
	</shortcut>
	<shortcut>
		<defaultID />
		<label>Sport Replay</label>
		<label2>Extensions Vidéo</label2>
		<icon>DefaultShortcut.png</icon>
		<thumb>special://skin/extras/icons/soccer.png</thumb>
		<action>ActivateWindow(Videos,"plugin://plugin.video.vstream/?site=pastebin&amp;function=showMenu&amp;title=Divers&amp;pasteID=5&amp;sMedia=divers&amp;sFav=showMenu",return)</action>
	</shortcut>
	<shortcut>
		<defaultID>plugin.audio.radio_de</defaultID>
		<label>Radio</label>
		<label2>Extensions Musique</label2>
		<icon>DefaultShortcut.png</icon>
		<thumb>special://skin/extras/icons/radio.png</thumb>
		<action>ActivateWindow(Music,"plugin://plugin.audio.radio_de",return)</action>
	</shortcut>
	<shortcut>
		<defaultID>livetv</defaultID>
		<label>32022</label>
		<label2>Elément personnalisé</label2>
		<icon>special://skin/extras/icons/livetv.png</icon>
		<thumb>special://skin/extras/icons/tv.png</thumb>
		<action>ActivateWindow(TVCHANNELS)</action>
	</shortcut>
</shortcuts>
