<shortcuts>
	<shortcut>
		<defaultID />
		<label>Sauvegarde 1 (restaure la sauvegarde 1)</label>
		<label2>Elément personnalisé</label2>
		<icon>DefaultShortcut.png</icon>
		<thumb>special://skin/extras/icons/person3.png</thumb>
		<action>RunScript(special://home/userdata/addon_data/Scripts/skin_restor1.py)</action>
	</shortcut>
	<shortcut>
		<defaultID />
		<label>Sauvegarde 2 (restaure la sauvegarde 2)</label>
		<label2>Elément personnalisé</label2>
		<icon>DefaultShortcut.png</icon>
		<thumb>special://skin/extras/icons/boy.png</thumb>
		<action>RunScript(special://home/userdata/addon_data/Scripts/skin_restor2.py)</action>
	</shortcut>
	<shortcut>
		<defaultID />
		<label>Sauvegarde 3 (restaure la sauvegarde 3)</label>
		<label2>Elément personnalisé</label2>
		<icon>DefaultShortcut.png</icon>
		<thumb>special://skin/extras/icons/girl2.png</thumb>
		<action>RunScript(special://home/userdata/addon_data/Scripts/skin_restor3.py)</action>
	</shortcut>
</shortcuts>
